,avg_train_time,avg_test_time,avg_total_time,total_explor_time,avg_macs
0,15.43776231979016,0.024694936184943478,15.462457255975103,7329.204739332199,33605000.97046413
