,avg_train_time,avg_test_time,avg_total_time,total_explor_time,avg_macs
0,61.61623210775051,0.6202298982341299,62.23646200598464,31491.64977502823,83508803.75098814
