,avg_train_time,avg_test_time,avg_total_time,total_explor_time,avg_macs
0,41.36168461993225,0.0685980158640926,41.43028263579634,27551.137952804565,38599246.6406015
