,avg_train_time,avg_test_time,avg_total_time,total_explor_time,avg_macs
0,2.4866393527144908,0.10875732343901628,2.595396676153507,825.3361430168152,28664616.682389937
