,avg_train_time,avg_test_time,avg_total_time,total_explor_time,avg_macs
0,79.0559566054736,0.32752817278205504,79.38348477825565,28022.370126724243,30299402.512747876
