,avg_train_time,avg_test_time,avg_total_time,total_explor_time,avg_macs
0,39.89054173627528,0.1484362485186797,40.03897798479396,33112.234793424606,35610201.685610645
