,avg_train_time,avg_test_time,avg_total_time,total_explor_time,avg_macs
0,79.89028416462799,0.07809592212610576,79.9683800867541,64294.57758975029,37275829.23383085
