,avg_train_time,avg_test_time,avg_total_time,total_explor_time,avg_macs
0,312.35974387462704,0.4746072650267001,312.83435113965373,239631.11297297478,33367546.828981724
