,avg_train_time,avg_test_time,avg_total_time,total_explor_time,avg_macs
0,23.557639876092267,0.049503750306921404,23.60714362639919,17540.107714414597,34858774.90174966
