,avg_train_time,avg_test_time,avg_total_time,total_explor_time,avg_macs
0,145.77466363969603,0.89220069489981,146.66686433459583,111466.81689429283,34012021.87894737
