,avg_train_time,avg_test_time,avg_total_time,total_explor_time,avg_macs
0,34.77133318288437,0.4663417809846385,35.237674963869004,26604.4445977211,30657013.565562915
