,avg_train_time,avg_test_time,avg_total_time,total_explor_time,avg_macs
0,84.1717250371059,0.09650073800995995,84.26822577511587,50392.39901351929,46045811.5819398
