,avg_train_time,avg_test_time,avg_total_time,total_explor_time,avg_macs
0,11.334626526156098,0.20919962407808404,11.543826150234183,3336.165757417679,39852383.95847751
