,avg_train_time,avg_test_time,avg_total_time,total_explor_time,avg_macs
0,3.4267443635685724,0.15553944023997196,3.5822838038085445,1769.648199081421,31578192.96963563
