,avg_train_time,avg_test_time,avg_total_time,total_explor_time,avg_macs
0,533.9463185240357,0.1684425260221529,534.1147610500578,385630.8574781418,67570495.1468144
