,avg_train_time,avg_test_time,avg_total_time,total_explor_time,avg_macs
0,4.974906449073632,0.30302483035672095,5.277931279430353,2781.469784259796,29191938.918406073
