,avg_train_time,avg_test_time,avg_total_time,total_explor_time,avg_macs
0,158.50262191264545,1.1495229412057546,159.6521448538512,85733.2017865181,29783792.08379888
