,avg_train_time,avg_test_time,avg_total_time,total_explor_time,avg_macs
0,68.91930369254486,0.11984882767744891,69.0391525202223,52607.83422040939,29794284.654855642
