,avg_train_time,avg_test_time,avg_total_time,total_explor_time,avg_macs
0,4.9999611996479345,0.024711749082035682,5.02467294872997,2768.5947947502136,40387256.399274044
