,avg_train_time,avg_test_time,avg_total_time,total_explor_time,avg_macs
0,64.95759181976318,0.12085645771026611,65.07844827747346,48808.83620810509,29522510.938666668
