,avg_train_time,avg_test_time,avg_total_time,total_explor_time,avg_macs
0,14.782371024432434,0.10762754044417137,14.889998564876606,10437.8889939785,40852709.0385164
