,avg_train_time,avg_test_time,avg_total_time,total_explor_time,avg_macs
0,3.0012598050009345,0.005976764811682947,3.0072365698126173,1166.8077890872955,41123053.814432986
