,avg_train_time,avg_test_time,avg_total_time,total_explor_time,avg_macs
0,59.01400072327077,0.09353835693474025,59.10753908020551,43266.718606710434,31963617.530054644
