,avg_train_time,avg_test_time,avg_total_time,total_explor_time,avg_macs
0,142.92949856428484,0.80391437931866,143.7334129436035,108949.92701125145,34437555.437994726
