,avg_train_time,avg_test_time,avg_total_time,total_explor_time,avg_macs
0,8.660082144884285,0.015265254197141672,8.675347399081428,3938.607719182968,36793339.58810572
