,avg_train_time,avg_test_time,avg_total_time,total_explor_time,avg_macs
0,151.5839474112665,0.8105825859292433,152.39452999719575,114905.47561788559,32577265.9801061
