,avg_train_time,avg_test_time,avg_total_time,total_explor_time,avg_macs
0,4.621093321328211,0.03900005199291088,4.660093373321122,1384.0477318763733,38003153.93602694
