,avg_train_time,avg_test_time,avg_total_time,total_explor_time,avg_macs
0,42.02655975699286,0.04000697063761346,42.06656672763047,36135.18081903458,38491024.79161816
