,avg_train_time,avg_test_time,avg_total_time,total_explor_time,avg_macs
0,84.20497311688051,0.07158654128632895,84.27655965816683,55285.423135757446,33038647.69207317
