,avg_train_time,avg_test_time,avg_total_time,total_explor_time,avg_macs
0,7.41047180972053,0.02993431415372682,7.440406123874257,3831.8091537952423,32728759.013592232
