,avg_train_time,avg_test_time,avg_total_time,total_explor_time,avg_macs
0,19.67083703027108,0.06001341866748469,19.730850448938565,14817.868687152863,35886425.16644474
