,avg_train_time,avg_test_time,avg_total_time,total_explor_time,avg_macs
0,70.58453501819017,0.14727077623466392,70.73180579442483,21785.396184682846,32848536.35064935
