,avg_train_time,avg_test_time,avg_total_time,total_explor_time,avg_macs
0,40.820050515191404,0.0833511834888789,40.903401698680284,7076.288493871689,39509365.196531795
