,avg_train_time,avg_test_time,avg_total_time,total_explor_time,avg_macs
0,89.35290150893361,1.0579383809942948,90.41083988992791,42945.14894771576,31063581.835789472
