,avg_train_time,avg_test_time,avg_total_time,total_explor_time,avg_macs
0,55.7523432829625,0.0408383754261753,55.793181658388676,22261.479481697083,96752191.11027569
