,avg_train_time,avg_test_time,avg_total_time,total_explor_time,avg_macs
0,6.185435896783363,0.03194099758553693,6.2173768943689005,3158.4274623394012,42719695.97834646
