,avg_train_time,avg_test_time,avg_total_time,total_explor_time,avg_macs
0,3.4410258933855653,0.06676091055382885,3.507786803939394,1133.0151376724243,37119027.49226006
