,avg_train_time,avg_test_time,avg_total_time,total_explor_time,avg_macs
0,47.152676387709015,0.6817878205884756,47.83446420829749,30470.5537006855,38002080.8744113
