,avg_train_time,avg_test_time,avg_total_time,total_explor_time,avg_macs
0,48.046464071635164,0.09921578520408769,48.14567985683925,29224.427673101425,42352009.835255355
