,avg_train_time,avg_test_time,avg_total_time,total_explor_time,avg_macs
0,62.84267292616332,0.1075247127729114,62.95019763893623,46520.196055173874,34262868.10690122
