,avg_train_time,avg_test_time,avg_total_time,total_explor_time,avg_macs
0,5.089889125126164,0.011560400520882955,5.101449525647047,2091.5943055152893,36036602.99512195
