,avg_train_time,avg_test_time,avg_total_time,total_explor_time,avg_macs
0,6.5831318466154265,0.011737131921231873,6.594868978536658,3119.3730268478394,34739429.511627905
