,avg_train_time,avg_test_time,avg_total_time,total_explor_time,avg_macs
0,56.42217027990124,0.04250965616371058,56.46467993606495,17842.838859796524,69539799.30063291
