,avg_train_time,avg_test_time,avg_total_time,total_explor_time,avg_macs
0,46.62671451853992,0.04749020287520868,46.67420472141513,37432.712186574936,57437101.380299255
