,avg_train_time,avg_test_time,avg_total_time,total_explor_time,avg_macs
0,3.1537014833638364,0.00687941698960855,3.160580900353445,1346.4074635505676,29075364.178403758
