,avg_train_time,avg_test_time,avg_total_time,total_explor_time,avg_macs
0,308.069451962869,0.21735225700017974,308.28680421986917,234914.5448155403,33862963.10761155
