,avg_train_time,avg_test_time,avg_total_time,total_explor_time,avg_macs
0,2.2054113369239006,0.1559900578699614,2.361401394793862,1794.665060043335,32350802.47763158
