,avg_train_time,avg_test_time,avg_total_time,total_explor_time,avg_macs
0,79.0514471753691,0.07291695374854754,79.12436412911765,39799.55515694618,42236524.66600398
