,avg_train_time,avg_test_time,avg_total_time,total_explor_time,avg_macs
0,161.00215653990216,0.7982663861210482,161.8004229260232,124909.92649888992,33516373.277202073
