,avg_train_time,avg_test_time,avg_total_time,total_explor_time,avg_macs
0,24.85716008599689,0.0488825063867542,24.906042592383645,17583.666070222855,58454008.64022663
