,avg_train_time,avg_test_time,avg_total_time,total_explor_time,avg_macs
0,19.738258679184135,0.018603093541630804,19.756861772725767,11992.41509604454,41394284.467874795
