,avg_train_time,avg_test_time,avg_total_time,total_explor_time,avg_macs
0,498.3525644743807,0.26557449586526793,498.618138970246,342550.661472559,66622697.675400294
