,avg_train_time,avg_test_time,avg_total_time,total_explor_time,avg_macs
0,3.668174630119687,0.17715066160474505,3.845325291724432,807.5183112621307,35190057.31904762
