,avg_train_time,avg_test_time,avg_total_time,total_explor_time,avg_macs
0,311.472239952821,0.47795822253594034,311.95019817535695,81107.0515255928,36258503.1
