,avg_train_time,avg_test_time,avg_total_time,total_explor_time,avg_macs
0,7.445498581590323,0.24208734775411672,7.68758592934444,1337.6399517059326,33903732.04597701
