,avg_train_time,avg_test_time,avg_total_time,total_explor_time,avg_macs
0,88.90490834557973,0.1360069007696382,89.04091524634937,28760.215624570847,37102789.318885446
