,avg_train_time,avg_test_time,avg_total_time,total_explor_time,avg_macs
0,2.060120905700483,0.12650124963961148,2.1866221553400944,997.099702835083,26528604.657894738
