,avg_train_time,avg_test_time,avg_total_time,total_explor_time,avg_macs
0,19.376811728170992,0.01745802761015158,19.394269755781142,12974.766466617584,50836785.27503737
