,avg_train_time,avg_test_time,avg_total_time,total_explor_time,avg_macs
0,4.405770914895194,0.007841672897338867,4.4136125877925325,1544.7644057273865,33663201.35714286
