,avg_train_time,avg_test_time,avg_total_time,total_explor_time,avg_macs
0,47.91590440908127,0.09672067010191066,48.01262507918318,16228.267276763916,77738693.06508876
