,avg_train_time,avg_test_time,avg_total_time,total_explor_time,avg_macs
0,7.3020707353267795,0.01159649775698294,7.313667233083763,4475.964346647263,35714639.26633987
