,avg_train_time,avg_test_time,avg_total_time,total_explor_time,avg_macs
0,42.56585668701636,0.09116034679993024,42.65701703381629,22437.59095978737,36496894.12547529
