,avg_train_time,avg_test_time,avg_total_time,total_explor_time,avg_macs
0,13.699642192111925,0.028054028414608388,13.727696220526534,8552.354745388031,31960174.930979133
