,avg_train_time,avg_test_time,avg_total_time,total_explor_time,avg_macs
0,2.7068406860263363,0.03283876594091426,2.7396794519672505,1895.8581807613373,37248791.328034684
