,avg_train_time,avg_test_time,avg_total_time,total_explor_time,avg_macs
0,6.043172931671142,0.33404280519485474,6.377215736865997,3188.6078684329987,41870246.528
