,avg_train_time,avg_test_time,avg_total_time,total_explor_time,avg_macs
0,10.274365781500265,0.01648619513198166,10.290851976632247,2974.0562212467194,31995407.73702422
