,avg_train_time,avg_test_time,avg_total_time,total_explor_time,avg_macs
0,4.0740927881445765,0.20734589553076374,4.28143868367534,1036.1081614494324,32451507.429752067
