,avg_train_time,avg_test_time,avg_total_time,total_explor_time,avg_macs
0,3.942909720929688,0.019772957154803057,3.9626826780844913,2242.878395795822,28825380.885159012
