,avg_train_time,avg_test_time,avg_total_time,total_explor_time,avg_macs
0,41.17365084588528,0.03687050938606262,41.21052135527134,13187.366833686829,50780676.240625
