,avg_train_time,avg_test_time,avg_total_time,total_explor_time,avg_macs
0,6.72507654591108,0.01430823238979144,6.739384778300871,5384.768437862396,28878390.448060077
