,avg_train_time,avg_test_time,avg_total_time,total_explor_time,avg_macs
0,4.230466303835375,0.007703565701498675,4.238169869536874,2021.6070277690887,43743894.32285115
