,avg_train_time,avg_test_time,avg_total_time,total_explor_time,avg_macs
0,1297.4915985861721,1.4531585268858003,1298.944757113058,745594.2905828953,39208900.47560976
