,avg_train_time,avg_test_time,avg_total_time,total_explor_time,avg_macs
0,27.153304240999432,0.11287896302494689,27.266183204024376,7470.934197902679,39626710.58029197
