,avg_train_time,avg_test_time,avg_total_time,total_explor_time,avg_macs
0,33.37714844468655,0.07299943902584782,33.4501478837124,16424.022610902786,43775635.91649695
