,avg_train_time,avg_test_time,avg_total_time,total_explor_time,avg_macs
0,12.256541270909347,0.02073717229948269,12.27727844320883,7796.071811437607,66391137.95905512
