,avg_train_time,avg_test_time,avg_total_time,total_explor_time,avg_macs
0,52.11564885603415,0.041989898037266084,52.157638754071414,19298.326339006424,78237323.69729729
