,avg_train_time,avg_test_time,avg_total_time,total_explor_time,avg_macs
0,3.8862517661689733,0.007594530506784011,3.893846296675757,3313.6631984710693,51019802.06698003
