,avg_train_time,avg_test_time,avg_total_time,total_explor_time,avg_macs
0,26.32289540353429,0.36975099129106087,26.69264639482535,6913.395416259766,35346320.942084946
