,avg_train_time,avg_test_time,avg_total_time,total_explor_time,avg_macs
0,21.279640674591064,0.038941366195678714,21.318582040786744,5329.645510196686,31893108.892
