,avg_train_time,avg_test_time,avg_total_time,total_explor_time,avg_macs
0,143.0867316683785,1.620544189703269,144.70727585808174,44135.719136714935,47534837.124590166
