,avg_train_time,avg_test_time,avg_total_time,total_explor_time,avg_macs
0,22.406038027289007,0.36797656674112356,22.77401459403013,13140.606420755386,50301329.56325823
