,avg_train_time,avg_test_time,avg_total_time,total_explor_time,avg_macs
0,177.65327841799876,0.10789919232353946,177.7611776103223,140075.80795693398,25655645.3464467
