,avg_train_time,avg_test_time,avg_total_time,total_explor_time,avg_macs
0,1155.5778611986793,3.691639573058274,1159.2695007717375,766277.1400101185,33267182.429652043
