,avg_train_time,avg_test_time,avg_total_time,total_explor_time,avg_macs
0,135.1603415416512,0.7981553845273994,135.9584969261786,103464.41616082191,32253748.043363996
