,avg_train_time,avg_test_time,avg_total_time,total_explor_time,avg_macs
0,13.918881846174004,0.025721696437779714,13.944603542611784,6651.575889825821,36427425.4129979
