,avg_train_time,avg_test_time,avg_total_time,total_explor_time,avg_macs
0,40.762407052915776,0.04935231173348693,40.81175936464926,10978.363269090652,54312546.62825279
